82位のチームA pt	2043176 pt 
※10/28(BD補完) 12:00 集計時点
82位のチームB pt	3506912 pt 
※10/28(BD補完) 12:00 集計時点
82位のチームC pt	2383118 pt 
※10/28(BD補完) 12:00 集計時点
82位のチームD pt	2462895 pt 
※10/28(BD補完) 12:00 集計時点
82位のチームE pt	2696937 pt 
※10/28(BD補完) 12:00 集計時点
82位のチームF pt	4139053 pt 
※10/28(BD補完) 12:00 集計時点
82位のチームG pt	2011457 pt 
※10/28(BD補完) 12:00 集計時点
82位のチームH pt	2475301 pt 
※10/28(BD補完) 12:00 集計時点
82位のチームI pt	3042150 pt 
※10/28(BD補完) 12:00 集計時点
82位のチームJ pt	2647981 pt 
※10/28(BD補完) 12:00 集計時点

82位のチームA pt	2043176 pt 
※10/28(BD補完) 12:01 集計時点
82位のチームB pt	3506912 pt 
※10/28(BD補完) 12:01 集計時点
82位のチームC pt	2385551 pt 
※10/28(BD補完) 12:01 集計時点
82位のチームD pt	2462895 pt 
※10/28(BD補完) 12:01 集計時点
82位のチームE pt	2696937 pt 
※10/28(BD補完) 12:01 集計時点
82位のチームF pt	4139053 pt 
※10/28(BD補完) 12:01 集計時点
82位のチームG pt	2011457 pt 
※10/28(BD補完) 12:01 集計時点
82位のチームH pt	2475301 pt 
※10/28(BD補完) 12:01 集計時点
82位のチームI pt	3042150 pt 
※10/28(BD補完) 12:01 集計時点
82位のチームJ pt	2647981 pt 
※10/28(BD補完) 12:01 集計時点

82位のチームA pt	2043176 pt 
※10/28(BD補完) 12:10 集計時点
82位のチームB pt	3508859 pt 
※10/28(BD補完) 12:10 集計時点
82位のチームC pt	2387927 pt 
※10/28(BD補完) 12:10 集計時点
82位のチームD pt	2469569 pt 
※10/28(BD補完) 12:10 集計時点
82位のチームE pt	2696937 pt 
※10/28(BD補完) 12:10 集計時点
82位のチームF pt	4139053 pt 
※10/28(BD補完) 12:10 集計時点
82位のチームG pt	2011457 pt 
※10/28(BD補完) 12:10 集計時点
82位のチームH pt	2475301 pt 
※10/28(BD補完) 12:10 集計時点
82位のチームI pt	3047790 pt 
※10/28(BD補完) 12:10 集計時点
82位のチームJ pt	2651625 pt 
※10/28(BD補完) 12:10 集計時点

82位のチームA pt	2043176 pt 
※10/28(BD補完) 12:11 集計時点
82位のチームB pt	3508859 pt 
※10/28(BD補完) 12:11 集計時点
82位のチームC pt	2388168 pt 
※10/28(BD補完) 12:11 集計時点
82位のチームD pt	2469569 pt 
※10/28(BD補完) 12:11 集計時点
82位のチームE pt	2696937 pt 
※10/28(BD補完) 12:11 集計時点
82位のチームF pt	4139053 pt 
※10/28(BD補完) 12:11 集計時点
82位のチームG pt	2011457 pt 
※10/28(BD補完) 12:11 集計時点
82位のチームH pt	2475301 pt 
※10/28(BD補完) 12:11 集計時点
82位のチームI pt	3047790 pt 
※10/28(BD補完) 12:11 集計時点
82位のチームJ pt	2651625 pt 
※10/28(BD補完) 12:11 集計時点

82位のチームA pt	2043176 pt 
※10/28(BD補完) 12:20 集計時点
82位のチームB pt	3508859 pt 
※10/28(BD補完) 12:20 集計時点
82位のチームC pt	2391126 pt 
※10/28(BD補完) 12:20 集計時点
82位のチームD pt	2474172 pt 
※10/28(BD補完) 12:20 集計時点
82位のチームE pt	2696937 pt 
※10/28(BD補完) 12:20 集計時点
82位のチームF pt	4139053 pt 
※10/28(BD補完) 12:20 集計時点
82位のチームG pt	2011457 pt 
※10/28(BD補完) 12:20 集計時点
82位のチームH pt	2477741 pt 
※10/28(BD補完) 12:20 集計時点
82位のチームI pt	3056735 pt 
※10/28(BD補完) 12:20 集計時点
82位のチームJ pt	2654008 pt 
※10/28(BD補完) 12:20 集計時点

82位のチームA pt	2043176 pt 
※10/28(BD補完) 12:21 集計時点
82位のチームB pt	3508859 pt 
※10/28(BD補完) 12:21 集計時点
82位のチームC pt	2391144 pt 
※10/28(BD補完) 12:21 集計時点
82位のチームD pt	2474172 pt 
※10/28(BD補完) 12:21 集計時点
82位のチームE pt	2696937 pt 
※10/28(BD補完) 12:21 集計時点
82位のチームF pt	4139053 pt 
※10/28(BD補完) 12:21 集計時点
82位のチームG pt	2011457 pt 
※10/28(BD補完) 12:21 集計時点
82位のチームH pt	2477741 pt 
※10/28(BD補完) 12:21 集計時点
82位のチームI pt	3056735 pt 
※10/28(BD補完) 12:21 集計時点
82位のチームJ pt	2654008 pt 
※10/28(BD補完) 12:21 集計時点



82位のチームA pt	2051092 pt 
※10/28(BD補完) 12:30 集計時点
82位のチームB pt	3508859 pt 
※10/28(BD補完) 12:30 集計時点
82位のチームC pt	2391144 pt 
※10/28(BD補完) 12:30 集計時点
82位のチームD pt	2474172 pt 
※10/28(BD補完) 12:30 集計時点
82位のチームE pt	2696937 pt 
※10/28(BD補完) 12:30 集計時点
82位のチームF pt	4144693 pt 
※10/28(BD補完) 12:30 集計時点
82位のチームG pt	2019166 pt 
※10/28(BD補完) 12:30 集計時点
82位のチームH pt	2477944 pt 
※10/28(BD補完) 12:30 集計時点
82位のチームI pt	3066629 pt 
※10/28(BD補完) 12:30 集計時点
82位のチームJ pt	2655266 pt 
※10/28(BD補完) 12:30 集計時点

82位のチームA pt	2051092 pt 
※10/28(BD補完) 12:31 集計時点
82位のチームB pt	3508859 pt 
※10/28(BD補完) 12:31 集計時点
82位のチームC pt	2392028 pt 
※10/28(BD補完) 12:31 集計時点
82位のチームD pt	2474172 pt 
※10/28(BD補完) 12:31 集計時点
82位のチームE pt	2696937 pt 
※10/28(BD補完) 12:31 集計時点
82位のチームF pt	4144693 pt 
※10/28(BD補完) 12:31 集計時点
82位のチームG pt	2020433 pt 
※10/28(BD補完) 12:31 集計時点
82位のチームH pt	2477944 pt 
※10/28(BD補完) 12:31 集計時点
82位のチームI pt	3066629 pt 
※10/28(BD補完) 12:31 集計時点
82位のチームJ pt	2659266 pt 
※10/28(BD補完) 12:31 集計時点

82位のチームA pt	2051092 pt 
※10/28(BD補完) 12:40 集計時点
82位のチームB pt	3508859 pt 
※10/28(BD補完) 12:40 集計時点
82位のチームC pt	2393134 pt 
※10/28(BD補完) 12:40 集計時点
82位のチームD pt	2474172 pt 
※10/28(BD補完) 12:40 集計時点
82位のチームE pt	2696937 pt 
※10/28(BD補完) 12:40 集計時点
82位のチームF pt	4144693 pt 
※10/28(BD補完) 12:40 集計時点
82位のチームG pt	2022977 pt 
※10/28(BD補完) 12:40 集計時点
82位のチームH pt	2477944 pt 
※10/28(BD補完) 12:40 集計時点
82位のチームI pt	3074506 pt 
※10/28(BD補完) 12:40 集計時点
82位のチームJ pt	2661686 pt 
※10/28(BD補完) 12:40 集計時点

82位のチームA pt	2051092 pt 
※10/28(BD補完) 12:41 集計時点
82位のチームB pt	3508859 pt 
※10/28(BD補完) 12:41 集計時点
82位のチームC pt	2393134 pt 
※10/28(BD補完) 12:41 集計時点
82位のチームD pt	2474172 pt 
※10/28(BD補完) 12:41 集計時点
82位のチームE pt	2696937 pt 
※10/28(BD補完) 12:41 集計時点
82位のチームF pt	4144693 pt 
※10/28(BD補完) 12:41 集計時点
82位のチームG pt	2022977 pt 
※10/28(BD補完) 12:41 集計時点
82位のチームH pt	2477944 pt 
※10/28(BD補完) 12:41 集計時点
82位のチームI pt	3074506 pt 
※10/28(BD補完) 12:41 集計時点
82位のチームJ pt	2661686 pt 
※10/28(BD補完) 12:41 集計時点

82位のチームA pt	2051092 pt 
※10/28(BD補完) 12:50 集計時点
82位のチームB pt	3508859 pt 
※10/28(BD補完) 12:50 集計時点
82位のチームC pt	2393135 pt 
※10/28(BD補完) 12:50 集計時点
82位のチームD pt	2474172 pt 
※10/28(BD補完) 12:50 集計時点
82位のチームE pt	2696937 pt 
※10/28(BD補完) 12:50 集計時点
82位のチームF pt	4158637 pt 
※10/28(BD補完) 12:50 集計時点
82位のチームG pt	2038474 pt 
※10/28(BD補完) 12:50 集計時点
82位のチームH pt	2477944 pt 
※10/28(BD補完) 12:50 集計時点
82位のチームI pt	3074506 pt 
※10/28(BD補完) 12:50 集計時点
82位のチームJ pt	2666403 pt 
※10/28(BD補完) 12:50 集計時点

82位のチームA pt	2052886 pt 
※10/28(BD補完) 12:51 集計時点
82位のチームB pt	3508859 pt 
※10/28(BD補完) 12:51 集計時点
82位のチームC pt	2400898 pt 
※10/28(BD補完) 12:51 集計時点
82位のチームD pt	2474172 pt 
※10/28(BD補完) 12:51 集計時点
82位のチームE pt	2696937 pt 
※10/28(BD補完) 12:51 集計時点
82位のチームF pt	4158637 pt 
※10/28(BD補完) 12:51 集計時点
82位のチームG pt	2038474 pt 
※10/28(BD補完) 12:51 集計時点
82位のチームH pt	2477944 pt 
※10/28(BD補完) 12:51 集計時点
82位のチームI pt	3074506 pt 
※10/28(BD補完) 12:51 集計時点
82位のチームJ pt	2666403 pt 
※10/28(BD補完) 12:51 集計時点

82位のチームA pt	2052886 pt 
※10/28(BD補完) 13:00 集計時点
82位のチームB pt	3508859 pt 
※10/28(BD補完) 13:00 集計時点
82位のチームC pt	2404054 pt 
※10/28(BD補完) 13:00 集計時点
82位のチームD pt	2474172 pt 
※10/28(BD補完) 13:00 集計時点
82位のチームE pt	2696937 pt 
※10/28(BD補完) 13:00 集計時点
82位のチームF pt	4159596 pt 
※10/28(BD補完) 13:00 集計時点
82位のチームG pt	2038843 pt 
※10/28(BD補完) 13:00 集計時点
82位のチームH pt	2489484 pt 
※10/28(BD補完) 13:00 集計時点
82位のチームI pt	3074506 pt 
※10/28(BD補完) 13:00 集計時点
82位のチームJ pt	2670028 pt 
※10/28(BD補完) 13:00 集計時点

82位のチームA pt	2052886 pt 
※10/28(BD補完) 13:01 集計時点
82位のチームB pt	3508859 pt 
※10/28(BD補完) 13:01 集計時点
82位のチームC pt	2404054 pt 
※10/28(BD補完) 13:01 集計時点
82位のチームD pt	2474172 pt 
※10/28(BD補完) 13:01 集計時点
82位のチームE pt	2696937 pt 
※10/28(BD補完) 13:01 集計時点
82位のチームF pt	4159596 pt 
※10/28(BD補完) 13:01 集計時点
82位のチームG pt	2038843 pt 
※10/28(BD補完) 13:01 集計時点
82位のチームH pt	2489484 pt 
※10/28(BD補完) 13:01 集計時点
82位のチームI pt	3074506 pt 
※10/28(BD補完) 13:01 集計時点
82位のチームJ pt	2670028 pt 
※10/28(BD補完) 13:01 集計時点

82位のチームA pt	2052886 pt 
※10/28(BD補完) 13:10 集計時点
82位のチームB pt	3509122 pt 
※10/28(BD補完) 13:10 集計時点
82位のチームC pt	2404054 pt 
※10/28(BD補完) 13:10 集計時点
82位のチームD pt	2474172 pt 
※10/28(BD補完) 13:10 集計時点
82位のチームE pt	2703774 pt 
※10/28(BD補完) 13:10 集計時点
82位のチームF pt	4159596 pt 
※10/28(BD補完) 13:10 集計時点
82位のチームG pt	2038843 pt 
※10/28(BD補完) 13:10 集計時点
82位のチームH pt	2493724 pt 
※10/28(BD補完) 13:10 集計時点
82位のチームI pt	3074506 pt 
※10/28(BD補完) 13:10 集計時点
82位のチームJ pt	2670028 pt 
※10/28(BD補完) 13:10 集計時点

82位のチームA pt	2052886 pt 
※10/28(BD補完) 13:11 集計時点
82位のチームB pt	3509122 pt 
※10/28(BD補完) 13:11 集計時点
82位のチームC pt	2404054 pt 
※10/28(BD補完) 13:11 集計時点
82位のチームD pt	2474172 pt 
※10/28(BD補完) 13:11 集計時点
82位のチームE pt	2703774 pt 
※10/28(BD補完) 13:11 集計時点
82位のチームF pt	4159596 pt 
※10/28(BD補完) 13:11 集計時点
82位のチームG pt	2038843 pt 
※10/28(BD補完) 13:11 集計時点
82位のチームH pt	2493724 pt 
※10/28(BD補完) 13:11 集計時点
82位のチームI pt	3074506 pt 
※10/28(BD補完) 13:11 集計時点
82位のチームJ pt	2676215 pt 
※10/28(BD補完) 13:11 集計時点

82位のチームA pt	2067967 pt 
※10/28(BD補完) 13:20 集計時点
82位のチームB pt	3510070 pt 
※10/28(BD補完) 13:20 集計時点
82位のチームC pt	2404054 pt 
※10/28(BD補完) 13:20 集計時点
82位のチームD pt	2487585 pt 
※10/28(BD補完) 13:20 集計時点
82位のチームE pt	2703774 pt 
※10/28(BD補完) 13:20 集計時点
82位のチームF pt	4159596 pt 
※10/28(BD補完) 13:20 集計時点
82位のチームG pt	2038843 pt 
※10/28(BD補完) 13:20 集計時点
82位のチームH pt	2493724 pt 
※10/28(BD補完) 13:20 集計時点
82位のチームI pt	3074506 pt 
※10/28(BD補完) 13:20 集計時点
82位のチームJ pt	2676215 pt 
※10/28(BD補完) 13:20 集計時点

82位のチームA pt	2067967 pt 
※10/28(BD補完) 13:21 集計時点
82位のチームB pt	3510173 pt 
※10/28(BD補完) 13:21 集計時点
82位のチームC pt	2404054 pt 
※10/28(BD補完) 13:21 集計時点
82位のチームD pt	2489139 pt 
※10/28(BD補完) 13:21 集計時点
82位のチームE pt	2703774 pt 
※10/28(BD補完) 13:21 集計時点
82位のチームF pt	4159596 pt 
※10/28(BD補完) 13:21 集計時点
82位のチームG pt	2038843 pt 
※10/28(BD補完) 13:21 集計時点
82位のチームH pt	2493724 pt 
※10/28(BD補完) 13:21 集計時点
82位のチームI pt	3074506 pt 
※10/28(BD補完) 13:21 集計時点
82位のチームJ pt	2676215 pt 
※10/28(BD補完) 13:21 集計時点

82位のチームA pt	2067967 pt 
※10/28(BD補完) 13:30 集計時点
82位のチームB pt	3512600 pt 
※10/28(BD補完) 13:30 集計時点
82位のチームC pt	2404054 pt 
※10/28(BD補完) 13:30 集計時点
82位のチームD pt	2495449 pt 
※10/28(BD補完) 13:30 集計時点
82位のチームE pt	2706433 pt 
※10/28(BD補完) 13:30 集計時点
82位のチームF pt	4159596 pt 
※10/28(BD補完) 13:30 集計時点
82位のチームG pt	2042976 pt 
※10/28(BD補完) 13:30 集計時点
82位のチームH pt	2493724 pt 
※10/28(BD補完) 13:30 集計時点
82位のチームI pt	3076229 pt 
※10/28(BD補完) 13:30 集計時点
82位のチームJ pt	2678772 pt 
※10/28(BD補完) 13:30 集計時点

82位のチームA pt	2067967 pt 
※10/28(BD補完) 13:31 集計時点
82位のチームB pt	3512703 pt 
※10/28(BD補完) 13:31 集計時点
82位のチームC pt	2404054 pt 
※10/28(BD補完) 13:31 集計時点
82位のチームD pt	2495449 pt 
※10/28(BD補完) 13:31 集計時点
82位のチームE pt	2706433 pt 
※10/28(BD補完) 13:31 集計時点
82位のチームF pt	4159596 pt 
※10/28(BD補完) 13:31 集計時点
82位のチームG pt	2042976 pt 
※10/28(BD補完) 13:31 集計時点
82位のチームH pt	2493872 pt 
※10/28(BD補完) 13:31 集計時点
82位のチームI pt	3076229 pt 
※10/28(BD補完) 13:31 集計時点
82位のチームJ pt	2678772 pt 
※10/28(BD補完) 13:31 集計時点

82位のチームA pt	2067967 pt 
※10/28(BD補完) 13:40 集計時点
82位のチームB pt	3516345 pt 
※10/28(BD補完) 13:40 集計時点
82位のチームC pt	2404054 pt 
※10/28(BD補完) 13:40 集計時点
82位のチームD pt	2495449 pt 
※10/28(BD補完) 13:40 集計時点
82位のチームE pt	2706433 pt 
※10/28(BD補完) 13:40 集計時点
82位のチームF pt	4159596 pt 
※10/28(BD補完) 13:40 集計時点
82位のチームG pt	2042976 pt 
※10/28(BD補完) 13:40 集計時点
82位のチームH pt	2493874 pt 
※10/28(BD補完) 13:40 集計時点
82位のチームI pt	3081261 pt 
※10/28(BD補完) 13:40 集計時点
82位のチームJ pt	2683994 pt 
※10/28(BD補完) 13:40 集計時点

82位のチームA pt	2067967 pt 
※10/28(BD補完) 13:41 集計時点
82位のチームB pt	3518300 pt 
※10/28(BD補完) 13:41 集計時点
82位のチームC pt	2404054 pt 
※10/28(BD補完) 13:41 集計時点
82位のチームD pt	2495449 pt 
※10/28(BD補完) 13:41 集計時点
82位のチームE pt	2706433 pt 
※10/28(BD補完) 13:41 集計時点
82位のチームF pt	4159596 pt 
※10/28(BD補完) 13:41 集計時点
82位のチームG pt	2042976 pt 
※10/28(BD補完) 13:41 集計時点
82位のチームH pt	2493874 pt 
※10/28(BD補完) 13:41 集計時点
82位のチームI pt	3081263 pt 
※10/28(BD補完) 13:41 集計時点
82位のチームJ pt	2683994 pt 
※10/28(BD補完) 13:41 集計時点

82位のチームA pt	2067967 pt 
※10/28(BD補完) 13:50 集計時点
82位のチームB pt	3518300 pt 
※10/28(BD補完) 13:50 集計時点
82位のチームC pt	2406501 pt 
※10/28(BD補完) 13:50 集計時点
82位のチームD pt	2495449 pt 
※10/28(BD補完) 13:50 集計時点
82位のチームE pt	2706433 pt 
※10/28(BD補完) 13:50 集計時点
82位のチームF pt	4168516 pt 
※10/28(BD補完) 13:50 集計時点
82位のチームG pt	2042976 pt 
※10/28(BD補完) 13:50 集計時点
82位のチームH pt	2496790 pt 
※10/28(BD補完) 13:50 集計時点
82位のチームI pt	3081976 pt 
※10/28(BD補完) 13:50 集計時点
82位のチームJ pt	2683994 pt 
※10/28(BD補完) 13:50 集計時点

82位のチームA pt	2067967 pt 
※10/28(BD補完) 13:51 集計時点
82位のチームB pt	3518300 pt 
※10/28(BD補完) 13:51 集計時点
82位のチームC pt	2406502 pt 
※10/28(BD補完) 13:51 集計時点
82位のチームD pt	2496198 pt 
※10/28(BD補完) 13:51 集計時点
82位のチームE pt	2706433 pt 
※10/28(BD補完) 13:51 集計時点
82位のチームF pt	4168516 pt 
※10/28(BD補完) 13:51 集計時点
82位のチームG pt	2042976 pt 
※10/28(BD補完) 13:51 集計時点
82位のチームH pt	2496791 pt 
※10/28(BD補完) 13:51 集計時点
82位のチームI pt	3081977 pt 
※10/28(BD補完) 13:51 集計時点
82位のチームJ pt	2683994 pt 
※10/28(BD補完) 13:51 集計時点

82位のチームA pt	2067967 pt 
※10/28(BD補完) 14:00 集計時点
82位のチームB pt	3518300 pt 
※10/28(BD補完) 14:00 集計時点
82位のチームC pt	2413155 pt 
※10/28(BD補完) 14:00 集計時点
82位のチームD pt	2499062 pt 
※10/28(BD補完) 14:00 集計時点
82位のチームE pt	2706433 pt 
※10/28(BD補完) 14:00 集計時点
82位のチームF pt	4171022 pt 
※10/28(BD補完) 14:00 集計時点
82位のチームG pt	2042976 pt 
※10/28(BD補完) 14:00 集計時点
82位のチームH pt	2498264 pt 
※10/28(BD補完) 14:00 集計時点
82位のチームI pt	3083479 pt 
※10/28(BD補完) 14:00 集計時点
82位のチームJ pt	2683994 pt 
※10/28(BD補完) 14:00 集計時点

82位のチームA pt	2067967 pt 
※10/28(BD補完) 14:01 集計時点
82位のチームB pt	3518300 pt 
※10/28(BD補完) 14:01 集計時点
82位のチームC pt	2413155 pt 
※10/28(BD補完) 14:01 集計時点
82位のチームD pt	2499062 pt 
※10/28(BD補完) 14:01 集計時点
82位のチームE pt	2706433 pt 
※10/28(BD補完) 14:01 集計時点
82位のチームF pt	4171022 pt 
※10/28(BD補完) 14:01 集計時点
82位のチームG pt	2042976 pt 
※10/28(BD補完) 14:01 集計時点
82位のチームH pt	2498264 pt 
※10/28(BD補完) 14:01 集計時点
82位のチームI pt	3087826 pt 
※10/28(BD補完) 14:01 集計時点
82位のチームJ pt	2683994 pt 
※10/28(BD補完) 14:01 集計時点

82位のチームA pt	2067967 pt 
※10/28(BD補完) 14:10 集計時点
82位のチームB pt	3518300 pt 
※10/28(BD補完) 14:10 集計時点
82位のチームC pt	2421367 pt 
※10/28(BD補完) 14:10 集計時点
82位のチームD pt	2499062 pt 
※10/28(BD補完) 14:10 集計時点
82位のチームE pt	2706433 pt 
※10/28(BD補完) 14:10 集計時点
82位のチームF pt	4171086 pt 
※10/28(BD補完) 14:10 集計時点
82位のチームG pt	2042976 pt 
※10/28(BD補完) 14:10 集計時点
82位のチームH pt	2498264 pt 
※10/28(BD補完) 14:10 集計時点
82位のチームI pt	3089710 pt 
※10/28(BD補完) 14:10 集計時点
82位のチームJ pt	2683994 pt 
※10/28(BD補完) 14:10 集計時点

82位のチームA pt	2067967 pt 
※10/28(BD補完) 14:11 集計時点
82位のチームB pt	3518300 pt 
※10/28(BD補完) 14:11 集計時点
82位のチームC pt	2421367 pt 
※10/28(BD補完) 14:11 集計時点
82位のチームD pt	2499062 pt 
※10/28(BD補完) 14:11 集計時点
82位のチームE pt	2706433 pt 
※10/28(BD補完) 14:11 集計時点
82位のチームF pt	4171086 pt 
※10/28(BD補完) 14:11 集計時点
82位のチームG pt	2042976 pt 
※10/28(BD補完) 14:11 集計時点
82位のチームH pt	2498264 pt 
※10/28(BD補完) 14:11 集計時点
82位のチームI pt	3089710 pt 
※10/28(BD補完) 14:11 集計時点
82位のチームJ pt	2683994 pt 
※10/28(BD補完) 14:11 集計時点

82位のチームA pt	2067967 pt 
※10/28(BD補完) 14:20 集計時点
82位のチームB pt	3518300 pt 
※10/28(BD補完) 14:20 集計時点
82位のチームC pt	2421367 pt 
※10/28(BD補完) 14:20 集計時点
82位のチームD pt	2499062 pt 
※10/28(BD補完) 14:20 集計時点
82位のチームE pt	2706433 pt 
※10/28(BD補完) 14:20 集計時点
82位のチームF pt	4171086 pt 
※10/28(BD補完) 14:20 集計時点
82位のチームG pt	2042976 pt 
※10/28(BD補完) 14:20 集計時点
82位のチームH pt	2498264 pt 
※10/28(BD補完) 14:20 集計時点
82位のチームI pt	3089710 pt 
※10/28(BD補完) 14:20 集計時点
82位のチームJ pt	2683994 pt 
※10/28(BD補完) 14:20 集計時点

82位のチームA pt	2067967 pt 
※10/28(BD補完) 14:21 集計時点
82位のチームB pt	3518300 pt 
※10/28(BD補完) 14:21 集計時点
82位のチームC pt	2421367 pt 
※10/28(BD補完) 14:21 集計時点
82位のチームD pt	2499062 pt 
※10/28(BD補完) 14:21 集計時点
82位のチームE pt	2706433 pt 
※10/28(BD補完) 14:21 集計時点
82位のチームF pt	4171086 pt 
※10/28(BD補完) 14:21 集計時点
82位のチームG pt	2042976 pt 
※10/28(BD補完) 14:21 集計時点
82位のチームH pt	2498264 pt 
※10/28(BD補完) 14:21 集計時点
82位のチームI pt	3089710 pt 
※10/28(BD補完) 14:21 集計時点
82位のチームJ pt	2683994 pt 
※10/28(BD補完) 14:21 集計時点

82位のチームA pt	2067967 pt 
※10/28(BD補完) 14:30 集計時点
82位のチームB pt	3521662 pt 
※10/28(BD補完) 14:30 集計時点
82位のチームC pt	2421367 pt 
※10/28(BD補完) 14:30 集計時点
82位のチームD pt	2503119 pt 
※10/28(BD補完) 14:30 集計時点
82位のチームE pt	2706433 pt 
※10/28(BD補完) 14:30 集計時点
82位のチームF pt	4171086 pt 
※10/28(BD補完) 14:30 集計時点
82位のチームG pt	2044089 pt 
※10/28(BD補完) 14:30 集計時点
82位のチームH pt	2498430 pt 
※10/28(BD補完) 14:30 集計時点
82位のチームI pt	3089710 pt 
※10/28(BD補完) 14:30 集計時点
82位のチームJ pt	2683994 pt 
※10/28(BD補完) 14:30 集計時点

82位のチームA pt	2067967 pt 
※10/28(BD補完) 14:31 集計時点
82位のチームB pt	3521662 pt 
※10/28(BD補完) 14:31 集計時点
82位のチームC pt	2421367 pt 
※10/28(BD補完) 14:31 集計時点
82位のチームD pt	2503119 pt 
※10/28(BD補完) 14:31 集計時点
82位のチームE pt	2706433 pt 
※10/28(BD補完) 14:31 集計時点
82位のチームF pt	4171086 pt 
※10/28(BD補完) 14:31 集計時点
82位のチームG pt	2044089 pt 
※10/28(BD補完) 14:31 集計時点
82位のチームH pt	2498430 pt 
※10/28(BD補完) 14:31 集計時点
82位のチームI pt	3089710 pt 
※10/28(BD補完) 14:31 集計時点
82位のチームJ pt	2683994 pt 
※10/28(BD補完) 14:31 集計時点

82位のチームA pt	2067967 pt 
※10/28(BD補完) 14:40 集計時点
82位のチームB pt	3521662 pt 
※10/28(BD補完) 14:40 集計時点
82位のチームC pt	2421367 pt 
※10/28(BD補完) 14:40 集計時点
82位のチームD pt	2508159 pt 
※10/28(BD補完) 14:40 集計時点
82位のチームE pt	2706433 pt 
※10/28(BD補完) 14:40 集計時点
82位のチームF pt	4171086 pt 
※10/28(BD補完) 14:40 集計時点
82位のチームG pt	2044089 pt 
※10/28(BD補完) 14:40 集計時点
82位のチームH pt	2500865 pt 
※10/28(BD補完) 14:40 集計時点
82位のチームI pt	3089710 pt 
※10/28(BD補完) 14:40 集計時点
82位のチームJ pt	2683994 pt 
※10/28(BD補完) 14:40 集計時点

82位のチームA pt	2067967 pt 
※10/28(BD補完) 14:41 集計時点
82位のチームB pt	3521662 pt 
※10/28(BD補完) 14:41 集計時点
82位のチームC pt	2421367 pt 
※10/28(BD補完) 14:41 集計時点
82位のチームD pt	2508159 pt 
※10/28(BD補完) 14:41 集計時点
82位のチームE pt	2707472 pt 
※10/28(BD補完) 14:41 集計時点
82位のチームF pt	4171086 pt 
※10/28(BD補完) 14:41 集計時点
82位のチームG pt	2044089 pt 
※10/28(BD補完) 14:41 集計時点
82位のチームH pt	2500927 pt 
※10/28(BD補完) 14:41 集計時点
82位のチームI pt	3089710 pt 
※10/28(BD補完) 14:41 集計時点
82位のチームJ pt	2683994 pt 
※10/28(BD補完) 14:41 集計時点

82位のチームA pt	2067967 pt 
※10/28(BD補完) 14:50 集計時点
82位のチームB pt	3523437 pt 
※10/28(BD補完) 14:50 集計時点
82位のチームC pt	2421571 pt 
※10/28(BD補完) 14:50 集計時点
82位のチームD pt	2508159 pt 
※10/28(BD補完) 14:50 集計時点
82位のチームE pt	2712522 pt 
※10/28(BD補完) 14:50 集計時点
82位のチームF pt	4171086 pt 
※10/28(BD補完) 14:50 集計時点
82位のチームG pt	2044089 pt 
※10/28(BD補完) 14:50 集計時点
82位のチームH pt	2502241 pt 
※10/28(BD補完) 14:50 集計時点
82位のチームI pt	3099626 pt 
※10/28(BD補完) 14:50 集計時点
82位のチームJ pt	2683994 pt 
※10/28(BD補完) 14:50 集計時点

82位のチームA pt	2067967 pt
※10/28(BD補完) 14:51 集計時点
82位のチームB pt	3526921 pt
※10/28(BD補完) 14:51 集計時点
82位のチームC pt	2421571 pt
※10/28(BD補完) 14:51 集計時点
82位のチームD pt	2508159 pt
※10/28(BD補完) 14:51 集計時点
82位のチームE pt	2712522 pt
※10/28(BD補完) 14:51 集計時点
82位のチームF pt	4171086 pt
※10/28(BD補完) 14:51 集計時点
82位のチームG pt	2044089 pt
※10/28(BD補完) 14:51 集計時点
82位のチームH pt	2502241 pt
※10/28(BD補完) 14:51 集計時点
82位のチームI pt	3099626 pt
※10/28(BD補完) 14:51 集計時点
82位のチームJ pt	2683994 pt
※10/28(BD補完) 14:51 集計時点



83位のチームA pt	2062906 pt 
※10/28(BD補完) 15:00 集計時点
83位のチームB pt	3523437 pt 
※10/28(BD補完) 15:00 集計時点
83位のチームC pt	2400898 pt 
※10/28(BD補完) 15:00 集計時点
83位のチームD pt	2503119 pt 
※10/28(BD補完) 15:00 集計時点
83位のチームE pt	2707472 pt 
※10/28(BD補完) 15:00 集計時点
83位のチームF pt	4171022 pt 
※10/28(BD補完) 15:00 集計時点
83位のチームG pt	2042976 pt 
※10/28(BD補完) 15:00 集計時点
83位のチームH pt	2502241 pt 
※10/28(BD補完) 15:00 集計時点
83位のチームI pt	3089710 pt 
※10/28(BD補完) 15:00 集計時点
83位のチームJ pt	2680693 pt 
※10/28(BD補完) 15:00 集計時点

83位のチームA pt	2062906 pt 
※10/28(BD補完) 15:01 集計時点
83位のチームB pt	3523437 pt 
※10/28(BD補完) 15:01 集計時点
83位のチームC pt	2400898 pt 
※10/28(BD補完) 15:01 集計時点
83位のチームD pt	2503119 pt 
※10/28(BD補完) 15:01 集計時点
83位のチームE pt	2707472 pt 
※10/28(BD補完) 15:01 集計時点
83位のチームF pt	4171022 pt 
※10/28(BD補完) 15:01 集計時点
83位のチームG pt	2042976 pt 
※10/28(BD補完) 15:01 集計時点
83位のチームH pt	2502241 pt 
※10/28(BD補完) 15:01 集計時点
83位のチームI pt	3089710 pt 
※10/28(BD補完) 15:01 集計時点
83位のチームJ pt	2680693 pt 
※10/28(BD補完) 15:01 集計時点

83位のチームA pt	2063117 pt 
※10/28(BD補完) 15:10 集計時点
83位のチームB pt	3523437 pt 
※10/28(BD補完) 15:10 集計時点
83位のチームC pt	2400898 pt 
※10/28(BD補完) 15:10 集計時点
83位のチームD pt	2503119 pt 
※10/28(BD補完) 15:10 集計時点
83位のチームE pt	2707472 pt 
※10/28(BD補完) 15:10 集計時点
83位のチームF pt	4171022 pt 
※10/28(BD補完) 15:10 集計時点
83位のチームG pt	2042976 pt 
※10/28(BD補完) 15:10 集計時点
83位のチームH pt	2504923 pt 
※10/28(BD補完) 15:10 集計時点
83位のチームI pt	3089710 pt 
※10/28(BD補完) 15:10 集計時点
83位のチームJ pt	2680693 pt 
※10/28(BD補完) 15:10 集計時点

83位のチームA pt	2063219 pt 
※10/28(BD補完) 15:11 集計時点
83位のチームB pt	3523437 pt 
※10/28(BD補完) 15:11 集計時点
83位のチームC pt	2400898 pt 
※10/28(BD補完) 15:11 集計時点
83位のチームD pt	2503119 pt 
※10/28(BD補完) 15:11 集計時点
83位のチームE pt	2707472 pt 
※10/28(BD補完) 15:11 集計時点
83位のチームF pt	4171022 pt 
※10/28(BD補完) 15:11 集計時点
83位のチームG pt	2044089 pt 
※10/28(BD補完) 15:11 集計時点
83位のチームH pt	2504925 pt 
※10/28(BD補完) 15:11 集計時点
83位のチームI pt	3089710 pt 
※10/28(BD補完) 15:11 集計時点
83位のチームJ pt	2680693 pt 
※10/28(BD補完) 15:11 集計時点

83位のチームA pt	2063220 pt 
※10/28(BD補完) 15:20 集計時点
83位のチームB pt	3523437 pt 
※10/28(BD補完) 15:20 集計時点
83位のチームC pt	2400898 pt 
※10/28(BD補完) 15:20 集計時点
83位のチームD pt	2503119 pt 
※10/28(BD補完) 15:20 集計時点
83位のチームE pt	2710623 pt 
※10/28(BD補完) 15:20 集計時点
83位のチームF pt	4171022 pt 
※10/28(BD補完) 15:20 集計時点
83位のチームG pt	2044089 pt 
※10/28(BD補完) 15:20 集計時点
83位のチームH pt	2507524 pt 
※10/28(BD補完) 15:20 集計時点
83位のチームI pt	3089710 pt 
※10/28(BD補完) 15:20 集計時点
83位のチームJ pt	2684227 pt 
※10/28(BD補完) 15:20 集計時点

83位のチームA pt	2063220 pt 
※10/28(BD補完) 15:21 集計時点
83位のチームB pt	3523437 pt 
※10/28(BD補完) 15:21 集計時点
83位のチームC pt	2400898 pt 
※10/28(BD補完) 15:21 集計時点
83位のチームD pt	2503119 pt 
※10/28(BD補完) 15:21 集計時点
83位のチームE pt	2712181 pt 
※10/28(BD補完) 15:21 集計時点
83位のチームF pt	4171022 pt 
※10/28(BD補完) 15:21 集計時点
83位のチームG pt	2044089 pt 
※10/28(BD補完) 15:21 集計時点
83位のチームH pt	2507526 pt 
※10/28(BD補完) 15:21 集計時点
83位のチームI pt	3089710 pt 
※10/28(BD補完) 15:21 集計時点
83位のチームJ pt	2684327 pt 
※10/28(BD補完) 15:21 集計時点

83位のチームA pt	2067967 pt 
※10/28(BD補完) 15:30 集計時点
83位のチームB pt	3523437 pt 
※10/28(BD補完) 15:30 集計時点
83位のチームC pt	2400898 pt 
※10/28(BD補完) 15:30 集計時点
83位のチームD pt	2503276 pt 
※10/28(BD補完) 15:30 集計時点
83位のチームE pt	2716359 pt 
※10/28(BD補完) 15:30 集計時点
83位のチームF pt	4171188 pt 
※10/28(BD補完) 15:30 集計時点
83位のチームG pt	2044089 pt 
※10/28(BD補完) 15:30 集計時点
83位のチームH pt	2509364 pt 
※10/28(BD補完) 15:30 集計時点
83位のチームI pt	3089710 pt 
※10/28(BD補完) 15:30 集計時点
83位のチームJ pt	2684327 pt 
※10/28(BD補完) 15:30 集計時点

83位のチームA pt	2067967 pt 
※10/28(BD補完) 15:31 集計時点
83位のチームB pt	3523437 pt 
※10/28(BD補完) 15:31 集計時点
83位のチームC pt	2400898 pt 
※10/28(BD補完) 15:31 集計時点
83位のチームD pt	2506686 pt 
※10/28(BD補完) 15:31 集計時点
83位のチームE pt	2716359 pt 
※10/28(BD補完) 15:31 集計時点
83位のチームF pt	4171188 pt 
※10/28(BD補完) 15:31 集計時点
83位のチームG pt	2044089 pt 
※10/28(BD補完) 15:31 集計時点
83位のチームH pt	2509364 pt 
※10/28(BD補完) 15:31 集計時点
83位のチームI pt	3089710 pt 
※10/28(BD補完) 15:31 集計時点
83位のチームJ pt	2684327 pt 
※10/28(BD補完) 15:31 集計時点

83位のチームA pt	2067967 pt 
※10/28(BD補完) 15:40 集計時点
83位のチームB pt	3526921 pt 
※10/28(BD補完) 15:40 集計時点
83位のチームC pt	2400898 pt 
※10/28(BD補完) 15:40 集計時点
83位のチームD pt	2508159 pt 
※10/28(BD補完) 15:40 集計時点
83位のチームE pt	2716359 pt 
※10/28(BD補完) 15:40 集計時点
83位のチームF pt	4171188 pt 
※10/28(BD補完) 15:40 集計時点
83位のチームG pt	2044089 pt 
※10/28(BD補完) 15:40 集計時点
83位のチームH pt	2509465 pt 
※10/28(BD補完) 15:40 集計時点
83位のチームI pt	3089710 pt 
※10/28(BD補完) 15:40 集計時点
83位のチームJ pt	2684327 pt 
※10/28(BD補完) 15:40 集計時点

83位のチームA pt	2067967 pt 
※10/28(BD補完) 15:41 集計時点
83位のチームB pt	3526921 pt 
※10/28(BD補完) 15:41 集計時点
83位のチームC pt	2400898 pt 
※10/28(BD補完) 15:41 集計時点
83位のチームD pt	2508159 pt 
※10/28(BD補完) 15:41 集計時点
83位のチームE pt	2716359 pt 
※10/28(BD補完) 15:41 集計時点
83位のチームF pt	4171188 pt 
※10/28(BD補完) 15:41 集計時点
83位のチームG pt	2044089 pt 
※10/28(BD補完) 15:41 集計時点
83位のチームH pt	2509465 pt 
※10/28(BD補完) 15:41 集計時点
83位のチームI pt	3089710 pt 
※10/28(BD補完) 15:41 集計時点
83位のチームJ pt	2686902 pt 
※10/28(BD補完) 15:41 集計時点

83位のチームA pt	2067967 pt 
※10/28(BD補完) 15:50 集計時点
83位のチームB pt	3526921 pt 
※10/28(BD補完) 15:50 集計時点
83位のチームC pt	2400898 pt 
※10/28(BD補完) 15:50 集計時点
83位のチームD pt	2508159 pt 
※10/28(BD補完) 15:50 集計時点
83位のチームE pt	2716359 pt 
※10/28(BD補完) 15:50 集計時点
83位のチームF pt	4171188 pt 
※10/28(BD補完) 15:50 集計時点
83位のチームG pt	2057054 pt 
※10/28(BD補完) 15:50 集計時点
83位のチームH pt	2512042 pt 
※10/28(BD補完) 15:50 集計時点
83位のチームI pt	3089710 pt 
※10/28(BD補完) 15:50 集計時点
83位のチームJ pt	2698642 pt 
※10/28(BD補完) 15:50 集計時点

83位のチームA pt	2067967 pt 
※10/28(BD補完) 15:51 集計時点
83位のチームB pt	3526921 pt 
※10/28(BD補完) 15:51 集計時点
83位のチームC pt	2400898 pt 
※10/28(BD補完) 15:51 集計時点
83位のチームD pt	2508159 pt 
※10/28(BD補完) 15:51 集計時点
83位のチームE pt	2716359 pt 
※10/28(BD補完) 15:51 集計時点
83位のチームF pt	4171188 pt 
※10/28(BD補完) 15:51 集計時点
83位のチームG pt	2057054 pt 
※10/28(BD補完) 15:51 集計時点
83位のチームH pt	2512043 pt 
※10/28(BD補完) 15:51 集計時点
83位のチームI pt	3089710 pt 
※10/28(BD補完) 15:51 集計時点
83位のチームJ pt	2698642 pt 
※10/28(BD補完) 15:51 集計時点

83位のチームA pt	2067967 pt 
※10/28(BD補完) 16:00 集計時点
83位のチームB pt	3526921 pt 
※10/28(BD補完) 16:00 集計時点
83位のチームC pt	2402816 pt 
※10/28(BD補完) 16:00 集計時点
83位のチームD pt	2508160 pt 
※10/28(BD補完) 16:00 集計時点
83位のチームE pt	2716359 pt 
※10/28(BD補完) 16:00 集計時点
83位のチームF pt	4171188 pt 
※10/28(BD補完) 16:00 集計時点
83位のチームG pt	2057054 pt 
※10/28(BD補完) 16:00 集計時点
83位のチームH pt	2512665 pt 
※10/28(BD補完) 16:00 集計時点
83位のチームI pt	3089710 pt 
※10/28(BD補完) 16:00 集計時点
83位のチームJ pt	2698642 pt 
※10/28(BD補完) 16:00 集計時点

83位のチームA pt	2067967 pt 
※10/28(BD補完) 16:01 集計時点
83位のチームB pt	3526921 pt 
※10/28(BD補完) 16:01 集計時点
83位のチームC pt	2402816 pt 
※10/28(BD補完) 16:01 集計時点
83位のチームD pt	2508160 pt 
※10/28(BD補完) 16:01 集計時点
83位のチームE pt	2716359 pt 
※10/28(BD補完) 16:01 集計時点
83位のチームF pt	4171188 pt 
※10/28(BD補完) 16:01 集計時点
83位のチームG pt	2057054 pt 
※10/28(BD補完) 16:01 集計時点
83位のチームH pt	2515947 pt 
※10/28(BD補完) 16:01 集計時点
83位のチームI pt	3089710 pt 
※10/28(BD補完) 16:01 集計時点
83位のチームJ pt	2698642 pt 
※10/28(BD補完) 16:01 集計時点

83位のチームA pt	2067967 pt 
※10/28(BD補完) 16:10 集計時点
83位のチームB pt	3526921 pt 
※10/28(BD補完) 16:10 集計時点
83位のチームC pt	2402816 pt 
※10/28(BD補完) 16:10 集計時点
83位のチームD pt	2508160 pt 
※10/28(BD補完) 16:10 集計時点
83位のチームE pt	2716359 pt 
※10/28(BD補完) 16:10 集計時点
83位のチームF pt	4184273 pt 
※10/28(BD補完) 16:10 集計時点
83位のチームG pt	2057054 pt 
※10/28(BD補完) 16:10 集計時点
83位のチームH pt	2517664 pt 
※10/28(BD補完) 16:10 集計時点
83位のチームI pt	3089710 pt 
※10/28(BD補完) 16:10 集計時点
83位のチームJ pt	2698642 pt 
※10/28(BD補完) 16:10 集計時点

83位のチームA pt	2067967 pt 
※10/28(BD補完) 16:11 集計時点
83位のチームB pt	3526921 pt 
※10/28(BD補完) 16:11 集計時点
83位のチームC pt	2402816 pt 
※10/28(BD補完) 16:11 集計時点
83位のチームD pt	2508160 pt 
※10/28(BD補完) 16:11 集計時点
83位のチームE pt	2716359 pt 
※10/28(BD補完) 16:11 集計時点
83位のチームF pt	4188405 pt 
※10/28(BD補完) 16:11 集計時点
83位のチームG pt	2057054 pt 
※10/28(BD補完) 16:11 集計時点
83位のチームH pt	2517664 pt 
※10/28(BD補完) 16:11 集計時点
83位のチームI pt	3089710 pt 
※10/28(BD補完) 16:11 集計時点
83位のチームJ pt	2698642 pt 
※10/28(BD補完) 16:11 集計時点

83位のチームA pt	2073010 pt 
※10/28(BD補完) 16:20 集計時点
83位のチームB pt	3526921 pt 
※10/28(BD補完) 16:20 集計時点
83位のチームC pt	2402816 pt 
※10/28(BD補完) 16:20 集計時点
83位のチームD pt	2515860 pt 
※10/28(BD補完) 16:20 集計時点
83位のチームE pt	2721550 pt 
※10/28(BD補完) 16:20 集計時点
83位のチームF pt	4192743 pt 
※10/28(BD補完) 16:20 集計時点
83位のチームG pt	2057054 pt 
※10/28(BD補完) 16:20 集計時点
83位のチームH pt	2524020 pt 
※10/28(BD補完) 16:20 集計時点
83位のチームI pt	3089710 pt 
※10/28(BD補完) 16:20 集計時点
83位のチームJ pt	2698642 pt 
※10/28(BD補完) 16:20 集計時点

83位のチームA pt	2073010 pt 
※10/28(BD補完) 16:21 集計時点
83位のチームB pt	3526921 pt 
※10/28(BD補完) 16:21 集計時点
83位のチームC pt	2402816 pt 
※10/28(BD補完) 16:21 集計時点
83位のチームD pt	2515860 pt 
※10/28(BD補完) 16:21 集計時点
83位のチームE pt	2721653 pt 
※10/28(BD補完) 16:21 集計時点
83位のチームF pt	4192743 pt 
※10/28(BD補完) 16:21 集計時点
83位のチームG pt	2057054 pt 
※10/28(BD補完) 16:21 集計時点
83位のチームH pt	2524020 pt 
※10/28(BD補完) 16:21 集計時点
83位のチームI pt	3089710 pt 
※10/28(BD補完) 16:21 集計時点
83位のチームJ pt	2698642 pt 
※10/28(BD補完) 16:21 集計時点

83位のチームA pt	2073010 pt 
※10/28(BD補完) 16:30 集計時点
83位のチームB pt	3526921 pt 
※10/28(BD補完) 16:30 集計時点
83位のチームC pt	2416265 pt 
※10/28(BD補完) 16:30 集計時点
83位のチームD pt	2518557 pt 
※10/28(BD補完) 16:30 集計時点
83位のチームE pt	2726272 pt 
※10/28(BD補完) 16:30 集計時点
83位のチームF pt	4192743 pt 
※10/28(BD補完) 16:30 集計時点
83位のチームG pt	2061015 pt 
※10/28(BD補完) 16:30 集計時点
83位のチームH pt	2526263 pt 
※10/28(BD補完) 16:30 集計時点
83位のチームI pt	3089710 pt 
※10/28(BD補完) 16:30 集計時点
83位のチームJ pt	2698642 pt 
※10/28(BD補完) 16:30 集計時点

83位のチームA pt	2073010 pt 
※10/28(BD補完) 16:31 集計時点
83位のチームB pt	3526921 pt 
※10/28(BD補完) 16:31 集計時点
83位のチームC pt	2416367 pt 
※10/28(BD補完) 16:31 集計時点
83位のチームD pt	2518557 pt 
※10/28(BD補完) 16:31 集計時点
83位のチームE pt	2726272 pt 
※10/28(BD補完) 16:31 集計時点
83位のチームF pt	4192743 pt 
※10/28(BD補完) 16:31 集計時点
83位のチームG pt	2061015 pt 
※10/28(BD補完) 16:31 集計時点
83位のチームH pt	2526263 pt 
※10/28(BD補完) 16:31 集計時点
83位のチームI pt	3089710 pt 
※10/28(BD補完) 16:31 集計時点
83位のチームJ pt	2698642 pt 
※10/28(BD補完) 16:31 集計時点

83位のチームA pt	2073010 pt 
※10/28(BD補完) 16:40 集計時点
83位のチームB pt	3526921 pt 
※10/28(BD補完) 16:40 集計時点
83位のチームC pt	2417387 pt 
※10/28(BD補完) 16:40 集計時点
83位のチームD pt	2518557 pt 
※10/28(BD補完) 16:40 集計時点
83位のチームE pt	2728569 pt 
※10/28(BD補完) 16:40 集計時点
83位のチームF pt	4198494 pt 
※10/28(BD補完) 16:40 集計時点
83位のチームG pt	2061015 pt 
※10/28(BD補完) 16:40 集計時点
83位のチームH pt	2526263 pt 
※10/28(BD補完) 16:40 集計時点
83位のチームI pt	3089710 pt 
※10/28(BD補完) 16:40 集計時点
83位のチームJ pt	2698642 pt 
※10/28(BD補完) 16:40 集計時点

83位のチームA pt	2073010 pt 
※10/28(BD補完) 16:41 集計時点
83位のチームB pt	3526921 pt 
※10/28(BD補完) 16:41 集計時点
83位のチームC pt	2417389 pt 
※10/28(BD補完) 16:41 集計時点
83位のチームD pt	2518557 pt 
※10/28(BD補完) 16:41 集計時点
83位のチームE pt	2728670 pt 
※10/28(BD補完) 16:41 集計時点
83位のチームF pt	4198494 pt 
※10/28(BD補完) 16:41 集計時点
83位のチームG pt	2061015 pt 
※10/28(BD補完) 16:41 集計時点
83位のチームH pt	2526263 pt 
※10/28(BD補完) 16:41 集計時点
83位のチームI pt	3089710 pt 
※10/28(BD補完) 16:41 集計時点
83位のチームJ pt	2698642 pt 
※10/28(BD補完) 16:41 集計時点

83位のチームA pt	2073010 pt 
※10/28(BD補完) 16:50 集計時点
83位のチームB pt	3526931 pt 
※10/28(BD補完) 16:50 集計時点
83位のチームC pt	2427316 pt 
※10/28(BD補完) 16:50 集計時点
83位のチームD pt	2518557 pt 
※10/28(BD補完) 16:50 集計時点
83位のチームE pt	2728875 pt 
※10/28(BD補完) 16:50 集計時点
83位のチームF pt	4198494 pt 
※10/28(BD補完) 16:50 集計時点
83位のチームG pt	2061015 pt 
※10/28(BD補完) 16:50 集計時点
83位のチームH pt	2526263 pt 
※10/28(BD補完) 16:50 集計時点
83位のチームI pt	3092128 pt 
※10/28(BD補完) 16:50 集計時点
83位のチームJ pt	2703891 pt 
※10/28(BD補完) 16:50 集計時点

83位のチームA pt	2073010 pt 
※10/28(BD補完) 16:51 集計時点
83位のチームB pt	3526931 pt 
※10/28(BD補完) 16:51 集計時点
83位のチームC pt	2427316 pt 
※10/28(BD補完) 16:51 集計時点
83位のチームD pt	2518557 pt 
※10/28(BD補完) 16:51 集計時点
83位のチームE pt	2728875 pt 
※10/28(BD補完) 16:51 集計時点
83位のチームF pt	4198494 pt 
※10/28(BD補完) 16:51 集計時点
83位のチームG pt	2061015 pt 
※10/28(BD補完) 16:51 集計時点
83位のチームH pt	2526263 pt 
※10/28(BD補完) 16:51 集計時点
83位のチームI pt	3092128 pt 
※10/28(BD補完) 16:51 集計時点
83位のチームJ pt	2703891 pt 
※10/28(BD補完) 16:51 集計時点

83位のチームA pt	2074529 pt 
※10/28(BD補完) 17:00 集計時点
83位のチームB pt	3526931 pt 
※10/28(BD補完) 17:00 集計時点
83位のチームC pt	2427316 pt 
※10/28(BD補完) 17:00 集計時点
83位のチームD pt	2518557 pt 
※10/28(BD補完) 17:00 集計時点
83位のチームE pt	2737499 pt 
※10/28(BD補完) 17:00 集計時点
83位のチームF pt	4198494 pt 
※10/28(BD補完) 17:00 集計時点
83位のチームG pt	2061015 pt 
※10/28(BD補完) 17:00 集計時点
83位のチームH pt	2526263 pt 
※10/28(BD補完) 17:00 集計時点
83位のチームI pt	3092128 pt 
※10/28(BD補完) 17:00 集計時点
83位のチームJ pt	2703891 pt 
※10/28(BD補完) 17:00 集計時点

83位のチームA pt	2074529 pt 
※10/28(BD補完) 17:01 集計時点
83位のチームB pt	3526931 pt 
※10/28(BD補完) 17:01 集計時点
83位のチームC pt	2427316 pt 
※10/28(BD補完) 17:01 集計時点
83位のチームD pt	2518557 pt 
※10/28(BD補完) 17:01 集計時点
83位のチームE pt	2737499 pt 
※10/28(BD補完) 17:01 集計時点
83位のチームF pt	4198494 pt 
※10/28(BD補完) 17:01 集計時点
83位のチームG pt	2061015 pt 
※10/28(BD補完) 17:01 集計時点
83位のチームH pt	2526263 pt 
※10/28(BD補完) 17:01 集計時点
83位のチームI pt	3092128 pt 
※10/28(BD補完) 17:01 集計時点
83位のチームJ pt	2703891 pt 
※10/28(BD補完) 17:01 集計時点

83位のチームA pt	2088661 pt 
※10/28(BD補完) 17:10 集計時点
83位のチームB pt	3526931 pt 
※10/28(BD補完) 17:10 集計時点
83位のチームC pt	2429389 pt 
※10/28(BD補完) 17:10 集計時点
83位のチームD pt	2518557 pt 
※10/28(BD補完) 17:10 集計時点
83位のチームE pt	2740217 pt 
※10/28(BD補完) 17:10 集計時点
83位のチームF pt	4198494 pt 
※10/28(BD補完) 17:10 集計時点
83位のチームG pt	2061703 pt 
※10/28(BD補完) 17:10 集計時点
83位のチームH pt	2526263 pt 
※10/28(BD補完) 17:10 集計時点
83位のチームI pt	3092128 pt 
※10/28(BD補完) 17:10 集計時点
83位のチームJ pt	2703891 pt 
※10/28(BD補完) 17:10 集計時点

83位のチームA pt	2088661 pt 
※10/28(BD補完) 17:11 集計時点
83位のチームB pt	3526931 pt 
※10/28(BD補完) 17:11 集計時点
83位のチームC pt	2429389 pt 
※10/28(BD補完) 17:11 集計時点
83位のチームD pt	2518557 pt 
※10/28(BD補完) 17:11 集計時点
83位のチームE pt	2740217 pt 
※10/28(BD補完) 17:11 集計時点
83位のチームF pt	4198494 pt 
※10/28(BD補完) 17:11 集計時点
83位のチームG pt	2061703 pt 
※10/28(BD補完) 17:11 集計時点
83位のチームH pt	2526263 pt 
※10/28(BD補完) 17:11 集計時点
83位のチームI pt	3092128 pt 
※10/28(BD補完) 17:11 集計時点
83位のチームJ pt	2703891 pt 
※10/28(BD補完) 17:11 集計時点

83位のチームA pt	2088661 pt 
※10/28(BD補完) 17:20 集計時点
83位のチームB pt	3526931 pt 
※10/28(BD補完) 17:20 集計時点
83位のチームC pt	2429389 pt 
※10/28(BD補完) 17:20 集計時点
83位のチームD pt	2519953 pt 
※10/28(BD補完) 17:20 集計時点
83位のチームE pt	2744464 pt 
※10/28(BD補完) 17:20 集計時点
83位のチームF pt	4202708 pt 
※10/28(BD補完) 17:20 集計時点
83位のチームG pt	2061703 pt 
※10/28(BD補完) 17:20 集計時点
83位のチームH pt	2527206 pt 
※10/28(BD補完) 17:20 集計時点
83位のチームI pt	3095874 pt 
※10/28(BD補完) 17:20 集計時点
83位のチームJ pt	2703891 pt 
※10/28(BD補完) 17:20 集計時点

83位のチームA pt	2088661 pt 
※10/28(BD補完) 17:21 集計時点
83位のチームB pt	3526931 pt 
※10/28(BD補完) 17:21 集計時点
83位のチームC pt	2429389 pt 
※10/28(BD補完) 17:21 集計時点
83位のチームD pt	2519953 pt 
※10/28(BD補完) 17:21 集計時点
83位のチームE pt	2744464 pt 
※10/28(BD補完) 17:21 集計時点
83位のチームF pt	4202708 pt 
※10/28(BD補完) 17:21 集計時点
83位のチームG pt	2061703 pt 
※10/28(BD補完) 17:21 集計時点
83位のチームH pt	2527309 pt 
※10/28(BD補完) 17:21 集計時点
83位のチームI pt	3095974 pt 
※10/28(BD補完) 17:21 集計時点
83位のチームJ pt	2703891 pt 
※10/28(BD補完) 17:21 集計時点

83位のチームA pt	2088661 pt 
※10/28(BD補完) 17:30 集計時点
83位のチームB pt	3526931 pt 
※10/28(BD補完) 17:30 集計時点
83位のチームC pt	2429389 pt 
※10/28(BD補完) 17:30 集計時点
83位のチームD pt	2523668 pt 
※10/28(BD補完) 17:30 集計時点
83位のチームE pt	2750669 pt 
※10/28(BD補完) 17:30 集計時点
83位のチームF pt	4202708 pt 
※10/28(BD補完) 17:30 集計時点
83位のチームG pt	2061703 pt 
※10/28(BD補完) 17:30 集計時点
83位のチームH pt	2538784 pt 
※10/28(BD補完) 17:30 集計時点
83位のチームI pt	3102536 pt 
※10/28(BD補完) 17:30 集計時点
83位のチームJ pt	2704814 pt 
※10/28(BD補完) 17:30 集計時点

83位のチームA pt	2088661 pt 
※10/28(BD補完) 17:31 集計時点
83位のチームB pt	3526931 pt 
※10/28(BD補完) 17:31 集計時点
83位のチームC pt	2429389 pt 
※10/28(BD補完) 17:31 集計時点
83位のチームD pt	2523668 pt 
※10/28(BD補完) 17:31 集計時点
83位のチームE pt	2750669 pt 
※10/28(BD補完) 17:31 集計時点
83位のチームF pt	4202708 pt 
※10/28(BD補完) 17:31 集計時点
83位のチームG pt	2061703 pt 
※10/28(BD補完) 17:31 集計時点
83位のチームH pt	2538784 pt 
※10/28(BD補完) 17:31 集計時点
83位のチームI pt	3102536 pt 
※10/28(BD補完) 17:31 集計時点
83位のチームJ pt	2704916 pt 
※10/28(BD補完) 17:31 集計時点

